Param1,Param2
1,1.105170918
2,1.221402758
3,1.349858808
4,1.491824698
5,1.648721271
6,1.8221188
7,2.013752707
8,2.225540928
9,2.459603111
10,2.718281828
11,3.004166024
12,3.320116923
13,3.669296668
14,4.055199967
15,4.48168907
16,4.953032424
17,5.473947392
18,6.049647464
,6.685894442
20,
,8.166169913
22,9.025013499
,
24,11.02317638
